{"x":-76.25199890136719,"y":13.264015197753907,"z":-99.85399627685547}