{"x":-64.11436462402344,"y":9.87399959564209,"z":-74.01750946044922}