{"x":-45.53941345214844,"y":12.13001537322998,"z":-39.93466567993164}