{"x":7.640586853027344,"y":9.750015258789063,"z":-211.17996215820313}