{"x":-63.239410400390628,"y":-1.1899843215942383,"z":-123.91996765136719}