{"x":-64.11436462402344,"y":9.080015182495118,"z":-74.01750946044922}